ru-L1	ru	Говорит разум корабля. Все системы работают нормально, курс проложен.
ru-L2	ru	Запускаю файловый менеджер. Свободно восемь гигабайт памяти из шестнадцати.
ru-L3	ru	На старинном замке висел тяжёлый замок, а ожидание у ворот было настоящей мукой.
ru-L4	ru	Согласно ядерному управлению Японии, на заводе были обнаружены радиоактивный цезий и йод.
ru-F01	ru	Многие считали, что он прав, но многие верили в противоположное: что Солнечная система вращается вокруг Земли, включая Солнце (и даже другие звезды).
ru-F02	ru	Во-первых, большинство наездников носят сапоги для верховой езды с каблуком, имеющие гладкую и довольно тонкую подошву.
ru-F03	ru	Растения питаются от солнца при помощи фотосинтеза. Кроме того, они отбрасывают тень.
ru-F04	ru	По мере того как знание греческого языка ухудшалось, Запад оказался отрезанным от своих философских и научных греческих корней.
ru-F05	ru	Так же, как Луна притягивает Землю, при этом вызывая приливы, так и Млечный Путь воздействует на галактику в Стрельце.
ru-F06	ru	Через два года после окончания войны бывшие союзники стали врагами, и началась Холодная война.
ru-F07	ru	Это место, которое британские колонизаторы забрали себе, и если вы ищете доказательства колониального прошлого территории, то это хорошее место для начала.
ru-F08	ru	Звуковое и световое шоу на фоне пирамиды является одним из самых интересных мероприятий в этой местности для детей.
ru-F09	ru	Вчера Мартейи привёл к присяге новый Временный избирательный совет (ВИС), состоящий из девяти участников.
ru-F10	ru	Касабланка – одно из наименее интересных мест для шопинга во всем Марокко.
ru-F11	ru	Они вернулись в Париж в карете, окружённые толпой людей, которые выкрикивали угрозы королю и королеве.
ru-F12	ru	На видимой стороне может быть больше лунных морей, потому что там кора тоньше. Лаве было легче подняться на поверхность.
ru-F13	ru	Все во вселенной состоит из материи. Вся материя состоит из мельчайших частиц, называемых атомами.
ru-F14	ru	Во всех научных вопросах, включая психологию, были приняты взгляды Аристотеля.
ru-F15	ru	Можно только гадать, что станет с клавиатурой, с появлением более новых технологий.
ru-F16	ru	Правящая партия Организация народов Юго‑Западной Африки (СВАПО) также сохранила большинство на парламентских выборах.
ru-F17	ru	Подобные площадки, которые посетило большое количество людей, были организованы во многих других городах Италии и в остальном мире, в частности в Польше.
ru-F18	ru	Почти все более мелкие острова являются независимыми государствами или ассоциированы с Францией и известны как шикарные пляжные курорты.
ru-F19	ru	Учёные надеются понять, как образуются планеты, особенно то, как образовалась Земля, поскольку кометы сталкивались с Землёй очень давно.
ru-F20	ru	К региональным и сезонным опасным явлениям погоды относятся метели, снежные бури, ледяные и пыльные бури.
en-L1	en	This is the ship's Mind speaking. All systems are nominal, and the course is set.
en-L2	en	Opening the file manager. Eight of sixteen gigabytes of memory are free.
en-L3	en	I read that book yesterday, and the wind was too strong to wind the old clock.
en-L4	en	The Northern Marianas emergency management office said that there were no damages reported in the nation.
en-F01	en	With two years of the end of the war, the former allies were now enemies and the Cold War began.
en-F02	en	In some areas boiling water for a minute is enough, in others several minutes are needed.
en-F03	en	All things considered, we should not be surprised if our own ancestors solved their "protein problem" in somewhat the same way that chimps on the savanna do today.
en-F04	en	Twentieth century research has shown that there are two pools of genetic variation: hidden and expressed.
en-F05	en	It also attacked anything that entered the water; even a giant dinosaur such as T. rex would be no match for it.
en-F06	en	Many German baked goods also feature almonds, hazelnuts, and other tree nuts. Popular cakes often pair particularly well with a cup of strong coffee.
en-F07	en	While he was working at the hospital Liggins began to investigate premature labor during his spare time.
en-F08	en	Field trips are a large part of any classroom. Quite often a teacher would love to take her students places to which a bus trip is not an option.
en-F09	en	Built by the Egyptians in the third century BCE, the Great Pyramid is one of many large pyramid structures built to honor dead Pharaoh.
en-F10	en	Blogging is a tool that inspires collaboration, and encourages students to extend learning well beyond the traditional school day.
en-F11	en	In fact, it is not easy to find at all even if one knew it existed. Once inside the cave, it is a total isolation.
en-F12	en	Only mutations in germ-line cells can be passed on to children, while mutations elsewhere can cause cell-death or cancer.
en-F13	en	In the north the region is bounded by the Sahel, and in the south and west by the Atlantic Ocean.
en-F14	en	Crossties were introduced fairly early to hold the tracks in place. Gradually, however, it was realised that tracks would be more efficient if they had a stip of iron on the top.
en-F15	en	The pyramid sound and light show is one of the most interesting things in the area for kids.
en-F16	en	Women: It is recommended that any women travellers say that they are married, regardless of actual marital status.
en-F17	en	A search of the Internet for 'Hostile environment course' will probably provide the address of a local company.
en-F18	en	The term bug is used by entomologists in a formal sense for this group of insects.
en-F19	en	Late on Sunday, the United States President Donald Trump, in a statement delivered via the press secretary, announced US troops would be leaving Syria.
en-F20	en	Along the same line, men are required to wear trousers covering the knees.
